01_1_hikoukeikaku_202407.geojson	00e65a95-af82-4cdd-99be-adb524ddb449	2024-07
01_2_hikoukeikaku_202408.geojson	4fb4c6b0-33a1-41fa-81ac-c9cfe28930f6	2024-08
01_3_hikoukeikaku_202409.geojson	047e23f6-6c9b-48d5-b3fd-fdcefed4ee0c	2024-09
01_4_hikoukeikaku_202410.geojson	045d69c2-c2a2-45b7-b368-ce867bf10c92	2024-10
01_5_hikoukeikaku_202411.geojson	c231353d-3224-42e8-be21-de6431fd2c99	2024-11
01_6_hikoukeikaku_202412.geojson	2c4f569f-b487-4f92-a1cf-2332ef4e9b7e	2024-12
01_7_hikoukeikaku_202501.geojson	1d413e6b-61d5-4e50-8381-97421876a66a	2025-01
01_8_hikoukeikaku_202502.geojson	ebb60fbe-ae89-429c-8fe0-9bae7e85569b	2025-02
01_9_hikoukeikaku_202503_1.geojson	c6920c04-78a7-46a9-ab8a-adcc917ff313	2025-03
01_9_hikoukeikaku_202503_2.geojson	a94bba7d-a87e-4969-8752-6360846e5bba	2025-03
01_10_hikoukeikaku_202504_1.geojson	a3c04e15-f2ec-49bc-9518-25d4dd9d1e18	2025-04
01_10_hikoukeikaku_202504_2.geojson	2c658546-b151-4713-9f0a-4f9aca5cbd22	2025-04
01_11_hikoukeikaku_202505_1.geojson	cdc8a653-62df-42d5-9b5d-a418a903bebd	2025-05
01_11_hikoukeikaku_202505_2.geojson	32f05c87-0cfb-48a1-bbc8-0baeef980533	2025-05
01_12_hikoukeikaku_202506_1.geojson	37948aef-8c6d-4770-8346-8a6ba7fe8180	2025-06
01_12_hikoukeikaku_202506_2.geojson	7be63f9a-4628-4d2f-8aec-12b278317421	2025-06
